{"cameraMode":{"drawMode":0,"name":"Shaded","section":"Shading Mode"},"sceneLighting":false,"audioPlay":false,"sceneViewState":{"m_AlwaysRefresh":false,"showFog":true,"showSkybox":false,"showFlares":true,"showImageEffects":true,"showParticleSystems":true,"showVisualEffectGraphs":true,"m_FxEnabled":true},"in2DMode":false,"pivot":{"x":2.9049370288848879,"y":1.3974899053573609,"z":2.497742176055908},"rotation":{"x":-0.08310585469007492,"y":0.8514478802680969,"z":-0.14217709004878999,"w":-0.4980384111404419},"size":0.07515964657068253,"orthographic":false}