{"cameraMode":{"drawMode":0,"name":"Shaded","section":"Shading Mode"},"sceneLighting":false,"audioPlay":false,"sceneViewState":{"m_AlwaysRefresh":false,"showFog":true,"showSkybox":false,"showFlares":true,"showImageEffects":true,"showParticleSystems":true,"showVisualEffectGraphs":true,"m_FxEnabled":true},"in2DMode":false,"pivot":{"x":-0.0017576697282493115,"y":-0.0362125039100647,"z":-0.06259709596633911},"rotation":{"x":-0.2126137614250183,"y":-0.6706103086471558,"z":0.2099558711051941,"w":-0.679041862487793},"size":0.39464253187179568,"orthographic":false}